INSERT INTO restaurant_category
(category_id, group_id, display_order_id, category_name, created_at) VALUES
(1, 1, 1, '主食', '2026-05-02 16:32:14'),
(2, 1, 2, '輕食', '2026-05-02 16:32:15'),
(3, 1, 3, '飲料', '2026-05-02 16:32:16');

INSERT INTO restaurant
(restaurant_id, group_id, category_id, display_order_id, selected_count, restaurant_name, note, image_url, is_archived, last_selected_at, created_at, updated_at) VALUES
(1, 1, 1, 1, 3, '一番湯屋', '這湯的香味可以拿去當香水賣', 'https://images.unsplash.com/photo-1614563637806-1d0e645e0940?q=80&w=1973&auto=format&fit=crop&ixlib=rb-4.0.3&ixid=M3wxMjA3fDB8MHxwaG90by1wYWdlfHx8fGVufDB8fHx8fA%3D%3D', 0, '2025-06-06 17:37:50', '2025-07-29 12:07:33', '2025-07-29 12:07:33'),
(2, 1, 1, 2, 1, '飯淋咖哩郎', '日式咖哩店', 'https://images.unsplash.com/photo-1694953593181-6ce423500712?q=80&w=2080&auto=format&fit=crop&ixlib=rb-4.0.3&ixid=M3wxMjA3fDB8MHxwaG90by1wYWdlfHx8fGVufDB8fHx8fA%3D%3D', 0, '2025-05-24 12:00:00', '2025-07-29 16:41:19', '2025-07-29 16:41:19'),
(3, 1, 2, 3, 1, '鬆餅老師', '鬆餅厚到可以當枕頭', 'https://images.unsplash.com/photo-1669277038512-2dc8b3a2aac8?q=80&w=2048&auto=format&fit=crop&ixlib=rb-4.0.3&ixid=M3wxMjA3fDB8MHxwaG90by1wYWdlfHx8fGVufDB8fHx8fA%3D%3D', 0, '2025-05-24 15:06:58', '2025-05-18 23:06:13', '2025-05-18 23:06:13'),
(4, 1, 1, 4, 1, '吃飽客', '披薩大到可以當盾牌', 'https://images.unsplash.com/photo-1590947132387-155cc02f3212?q=80&w=2070&auto=format&fit=crop&ixlib=rb-4.0.3&ixid=M3wxMjA3fDB8MHxwaG90by1wYWdlfHx8fGVufDB8fHx8fA%3D%3D', 0, '2025-05-24 12:00:00', '2025-05-18 23:06:13', '2025-05-18 23:06:13'),
(5, 1, 1, 5, 4, '飯丸本舖', '傳說中吃太快會跟飯丸變朋友的那間店', 'https://images.unsplash.com/photo-1700323449261-5332ce054718?q=80&w=1931&auto=format&fit=crop&ixlib=rb-4.1.0&ixid=M3wxMjA3fDB8MHxwaG90by1wYWdlfHx8fGVufDB8fHx8fA%3D%3D', 0, '2024-11-28 15:56:19', '2025-07-29 17:06:19', '2025-07-29 17:06:19'),
(6, 1, 1, 6, 0, '麵有引力', '主打「你不靠近，我麵也會拉你過來。」', 'https://images.unsplash.com/photo-1673442635965-34f1b36d8944?q=80&w=2070&auto=format&fit=crop&ixlib=rb-4.1.0&ixid=M3wxMjA3fDB8MHxwaG90by1wYWdlfHx8fGVufDB8fHx8fA%3D%3D', 0, NULL, '2025-07-29 17:05:31', '2025-07-29 17:05:31'),
(7, 1, 1, 7, 0, '尊爵有錢人', '吃不起但還是吃了', 'https://images.unsplash.com/photo-1565299715199-866c917206bb?q=80&w=1980&auto=format&fit=crop&ixlib=rb-4.1.0&ixid=M3wxMjA3fDB8MHxwaG90by1wYWdlfHx8fGVufDB8fHx8fA%3D%3D', 0, NULL, '2025-05-24 16:53:58', '2025-05-24 16:53:58'),
(8, 1, 1, 8, 0, '牛肉再多點', '牛肉比麵還多，驚訝！', 'https://images.unsplash.com/photo-1631709497146-a239ef373cf1?q=80&w=2070&auto=format&fit=crop&ixlib=rb-4.1.0&ixid=M3wxMjA3fDB8MHxwaG90by1wYWdlfHx8fGVufDB8fHx8fA%3D%3D', 0, NULL, '2025-06-08 23:49:21', '2025-06-08 23:49:21'),
(9, 1, 3, 9, 3, 'No奶都來', '奶味很濃', 'https://images.unsplash.com/photo-1461023058943-07fcbe16d735?q=80&w=2069&auto=format&fit=crop&ixlib=rb-4.1.0&ixid=M3wxMjA3fDB8MHxwaG90by1wYWdlfHx8fGVufDB8fHx8fA%3D%3D', 0, '2025-04-08 19:07:49', '2025-06-14 14:51:48', '2025-06-14 14:51:48'),
(10, 1, 3, 10, 0, '五十籃投手', '喝完好想再投一籃', 'https://images.unsplash.com/photo-1525803377221-4f6ccdaa5133?q=80&w=2074&auto=format&fit=crop&ixlib=rb-4.1.0&ixid=M3wxMjA3fDB8MHxwaG90by1wYWdlfHx8fGVufDB8fHx8fA%3D%3D', 0, NULL, '2025-06-14 15:06:40', '2025-06-14 15:06:40'),
(11, 1, 2, 11, 0, '歪堡起司', '堡堡斜到我都歪了', 'https://images.unsplash.com/photo-1610970878459-a0e464d7592b?q=80&w=2124&auto=format&fit=crop&ixlib=rb-4.1.0&ixid=M3wxMjA3fDB8MHxwaG90by1wYWdlfHx8fGVufDB8fHx8fA%3D%3D', 0, NULL, '2025-06-14 15:03:47', '2025-06-14 15:03:47'),
(12, 1, 3, 12, 0, '謬奶可可', '牛奶濃得像人生誤會', 'https://images.unsplash.com/photo-1563636619-e9143da7973b?q=80&w=1965&auto=format&fit=crop&ixlib=rb-4.1.0&ixid=M3wxMjA3fDB8MHxwaG90by1wYWdlfHx8fGVufDB8fHx8fA%3D%3D', 0, NULL, '2025-06-14 15:05:47', '2025-06-14 15:05:47'),
(13, 1, 1, 13, 1, '真香廚房', '吃完覺得靈魂被淨化了', 'https://cdn.pixabay.com/photo/2015/05/02/00/57/aluminous-749358_1280.jpg', 0, '2024-08-14 20:14:20', '2025-06-08 13:40:41', '2025-06-08 13:40:41'),
(14, 1, 1, 14, 4, '不辣不愛', '我吃過最像家裡煮的外食', 'https://cdn.pixabay.com/photo/2021/06/27/11/00/ma-la-crawfish-6368464_1280.jpg', 0, '2024-08-19 21:33:01', '2024-10-02 21:23:34', '2024-10-02 21:23:34'),
(15, 1, 2, 15, 2, '今天也要吃', '吃完覺得靈魂被淨化了', 'https://cdn.pixabay.com/photo/2016/10/30/09/30/hot-chocolate-1782623_1280.jpg', 0, '2025-05-23 18:20:33', '2025-06-17 21:14:21', '2025-06-17 21:14:21'),
(16, 1, 2, 16, 1, '開動囉食堂', '下次不要再點一樣的', 'https://cdn.pixabay.com/photo/2020/04/04/15/07/sushi-5002639_1280.jpg', 0, '2024-07-09 14:25:49', '2025-05-18 21:56:09', '2025-05-18 21:56:09'),
(17, 1, 2, 17, 3, '再吃會胖屋', '我吃過最像家裡煮的外食', 'https://cdn.pixabay.com/photo/2016/11/08/10/39/chicken-1807883_1280.jpg', 0, '2024-12-01 18:04:11', '2024-12-22 19:53:57', '2024-12-22 19:53:57'),
(18, 1, 1, 18, 5, '今晚我想來點', '我吃過最像家裡煮的外食', NULL, 0, '2024-08-30 17:06:01', '2025-05-24 14:01:15', '2025-05-24 14:01:15'),
(19, 1, 2, 19, 2, '隨便煮煮', '吃完覺得靈魂被淨化了', NULL, 0, '2025-05-06 15:53:28', '2025-06-06 19:08:19', '2025-06-06 19:08:19'),
(20, 1, 1, 20, 2, '問就是牛排', '跟照片長得不一樣', 'https://cdn.pixabay.com/photo/2018/08/09/07/49/meat-3593929_1280.jpg', 0, '2025-06-27 15:45:56', '2025-06-30 20:23:50', '2025-06-30 20:23:50'),
(21, 1, 1, 21, 4, '阿母的味道', '打卡專用', 'https://cdn.pixabay.com/photo/2014/01/09/10/14/kimchi-fried-rice-241051_1280.jpg', 0, '2025-06-19 15:23:25', '2025-06-19 15:23:25', '2025-06-19 15:23:25'),
(22, 1, 1, 22, 0, '乾乾拌拌', '服務態度比飯好', 'https://cdn.pixabay.com/photo/2020/03/31/01/56/fried-rice-4985989_1280.jpg', 0, NULL, '2025-01-01 17:39:53', '2025-01-01 17:39:53'),
(23, 1, 1, 23, 0, '湯多一點', '打卡專用', NULL, 0, NULL, '2024-08-22 18:52:38', '2024-08-22 18:52:38'),
(24, 1, 3, 24, 2, '三分鐘上桌', '笑死喝個飲料還能打翻', 'https://cdn.pixabay.com/photo/2023/05/31/11/14/smoothie-8031132_1280.jpg', 0, '2025-02-22 16:13:56', '2025-07-10 13:22:28', '2025-07-10 13:22:28'),
(25, 1, 1, 25, 2, '醬太多', '不錯吃，就是太貴', NULL, 0, '2025-03-12 14:58:55', '2025-05-27 21:02:10', '2025-05-27 21:02:10'),
(26, 1, 2, 26, 1, '外送也排隊', '我吃過最像家裡煮的外食', 'https://cdn.pixabay.com/photo/2022/01/18/19/30/salad-6948004_1280.jpg', 0, '2025-04-20 13:20:59', '2025-06-15 20:32:33', '2025-06-15 20:32:33'),
(27, 1, 1, 27, 4, '地獄廚神', '跟照片長得不一樣', 'https://cdn.pixabay.com/photo/2022/05/12/17/05/hamburger-7191898_1280.jpg', 0, '2025-06-11 13:08:44', '2025-07-04 16:28:39', '2025-07-04 16:28:39'),
(28, 1, 1, 28, 3, '炸你全家', '服務態度比飯好', 'https://cdn.pixabay.com/photo/2019/09/26/18/23/republic-of-korea-4506696_1280.jpg', 0, '2024-07-20 21:34:47', '2024-08-12 20:14:40', '2024-08-12 20:14:40'),
(29, 1, 1, 29, 5, '四號桌別跑', '我吃過最像家裡煮的外食', NULL, 0, '2025-03-23 21:42:51', '2025-04-24 16:31:03', '2025-04-24 16:31:03'),
(30, 1, 1, 30, 1, '小籠包大冒險', '店員帥加一星', NULL, 0, '2025-03-01 14:08:57', '2025-05-31 15:01:01', '2025-05-31 15:01:01'),
(31, 1, 3, 31, 2, '我不挑食', '招牌是健康', 'https://cdn.pixabay.com/photo/2016/08/26/21/16/carrot-juice-1623157_960_720.jpg', 0, '2025-01-16 17:39:31', '2025-01-16 17:39:31', '2025-01-16 17:39:31'),
(32, 1, 1, 32, 1, '隱藏口袋店', '服務態度比飯好', 'https://cdn.pixabay.com/photo/2019/08/09/08/14/steak-4394612_1280.jpg', 0, '2025-05-30 14:09:28', '2025-05-30 14:09:28', '2025-05-30 14:09:28'),
(33, 1, 1, 33, 1, '鹽味本舖', '老闆只信三樣東西，鹽、柴魚和他的直覺', 'https://cdn.pixabay.com/photo/2021/10/21/12/38/pho-ga-6729006_1280.jpg', 0, '2025-02-16 13:08:24', '2025-03-05 18:50:37', '2025-03-05 18:50:37'),
(34, 1, 2, 34, 0, '苦瓜別加', '下次不要再點一樣的', NULL, 0, NULL, '2025-03-28 13:45:17', '2025-03-28 13:45:17'),
(35, 1, 1, 35, 0, '咖哩真香', '下次不要再點一樣的', 'https://cdn.pixabay.com/photo/2015/10/01/14/29/curry-967086_640.jpg', 0, NULL, '2024-10-10 20:24:30', '2024-10-10 20:24:30'),
(36, 1, 3, 36, 1, '牛奶加點糖', '打卡專用', NULL, 0, '2024-09-12 15:23:17', '2025-06-26 15:27:34', '2025-06-26 15:27:34'),
(37, 1, 3, 37, 2, '甜到蛀牙', '我喝過最甜的飲料', 'https://cdn.pixabay.com/photo/2018/01/26/15/21/hot-3108893_640.jpg', 0, '2024-07-29 16:09:25', '2024-08-09 15:56:33', '2024-08-09 15:56:33'),
(38, 1, 1, 38, 0, '炸雞不香嗎', '笑死吃個飯還能打翻', 'https://cdn.pixabay.com/photo/2022/05/06/16/17/broasted-chicken-7178658_1280.jpg', 0, NULL, '2024-07-22 17:49:21', '2024-07-22 17:49:21'),
(39, 1, 2, 39, 1, '漢堡很圓', '服務態度比飯好', 'https://cdn.pixabay.com/photo/2016/05/25/10/43/hamburger-1414423_1280.jpg', 0, '2024-07-03 19:34:16', '2024-10-20 14:17:39', '2024-10-20 14:17:39'),
(40, 1, 3, 40, 0, '一杯不到五十', '我喝過最像樣的飲料', 'https://cdn.pixabay.com/photo/2022/11/04/00/40/juice-7568712_1280.jpg', 0, NULL, '2024-08-17 18:33:01', '2024-08-17 18:33:01'),
(41, 1, 3, 41, 3, '續杯會後悔', '跟照片長得不一樣', 'https://cdn.pixabay.com/photo/2018/03/13/11/39/fruit-3222313_640.jpg', 0, '2024-11-27 20:33:17', '2024-12-18 21:58:12', '2024-12-18 21:58:12'),
(42, 1, 1, 42, 1, '拌飯拌心情', '不錯吃，就是太貴', 'https://cdn.pixabay.com/photo/2015/04/10/00/41/food-715542_1280.jpg', 0, '2024-10-04 21:09:25', '2025-06-25 17:09:48', '2025-06-25 17:09:48'),
(43, 1, 2, 43, 4, '吃完不後悔', '打卡專用', 'https://cdn.pixabay.com/photo/2020/02/22/08/55/the-cake-4869920_1280.jpg', 0, '2025-05-20 16:45:33', '2025-05-20 16:45:33', '2025-05-20 16:45:33');

INSERT INTO `user`
(user_id, group_id, display_order_id, roles, username, email, user_password, created_at, updated_at) VALUES
(1, 1, 1, 0, 'Super', 'super@test.com', '$2a$10$FUJ8U5tUUcso8KXDFqcNSufkPq/XeHah8N9mUmyJMLKiODmQOZbaS', '2026-05-13 00:06:53', '2026-05-13 00:06:53'),
(2, 1, 2, 1, 'GroupAdmin', 'groupadmin@test.com', '$2a$10$FUJ8U5tUUcso8KXDFqcNSufkPq/XeHah8N9mUmyJMLKiODmQOZbaS', '2026-05-13 00:06:53', '2026-05-13 00:06:53'),
(3, 1, 3, 2, 'user', 'user@test.com', '$2a$10$FUJ8U5tUUcso8KXDFqcNSufkPq/XeHah8N9mUmyJMLKiODmQOZbaS', '2026-05-13 00:06:53', '2026-05-13 00:06:53');

INSERT INTO dish
(dish_id, restaurant_id, display_order_id, price, dish_name) VALUES
(1, 1, 1, 280, '豚骨拉麵'),
(2, 1, 2, 260, '地獄辣味拉麵'),
(3, 1, 3, 240, '醬油拉麵'),
(4, 1, 4, 250, '味噌拉麵'),
(5, 1, 5, 230, '鹽味拉麵'),
(6, 1, 6, 290, '秘密拉麵'),
(7, 2, 1, 180, '雞腿飯淋咖哩'),
(8, 2, 2, 200, '豬排嫩嫩飯'),
(9, 2, 3, 220, '牛腩燉咖哩飯'),
(10, 2, 4, 160, '雙菇咖哩飯'),
(11, 2, 5, 150, '彩椒豆腐咖哩飯'),
(12, 3, 1, 120, '原味脆皮鬆餅'),
(13, 3, 2, 140, '蜂蜜奶油鬆餅'),
(14, 3, 3, 150, '焦糖肉桂鬆餅'),
(15, 3, 4, 180, '莓好戀人鬆餅'),
(16, 3, 5, 190, '芒芒人海鬆餅'),
(17, 3, 6, 180, '濃情布朗尼鬆餅'),
(18, 3, 7, 60, '冷萃紅茶'),
(19, 3, 8, 90, '拿鐵咖啡'),
(20, 3, 9, 100, '黑糖珍奶'),
(21, 4, 1, 220, '瑪格麗特'),
(22, 4, 2, 250, '夏威夷'),
(23, 4, 3, 290, '辣味地獄牛'),
(24, 4, 4, 260, '香腸蘑菇雙霸'),
(25, 4, 5, 270, '煙燻雞肉青醬披薩'),
(26, 4, 6, 260, '照燒雞洋蔥披薩'),
(27, 4, 7, 240, '培根玉米起司披薩'),
(28, 4, 8, 230, '素食花園披薩'),
(29, 5, 1, 120, '經典牛肉丼'),
(30, 5, 2, 150, '炙燒鮭魚丼'),
(31, 5, 3, 130, '叉燒溫泉蛋丼'),
(32, 5, 4, 110, '唐揚雞丼'),
(33, 5, 5, 140, '味噌豬排丼'),
(34, 5, 6, 125, '蔥鹽雞腿丼'),
(35, 5, 7, 100, '照燒豆腐野菜丼'),
(36, 5, 8, 135, '明太子雞肉丼'),
(37, 5, 9, 180, '鰻魚玉子丼'),
(38, 5, 10, 150, '天婦羅綜合丼'),
(39, 6, 1, 150, '經典肉醬義大利麵'),
(40, 6, 2, 160, '白醬培根義大利麵'),
(41, 6, 3, 170, '青醬雞肉義大利麵'),
(42, 6, 4, 180, '蒜香蛤蜊義大利麵'),
(43, 6, 5, 190, '辣味茄汁海鮮麵'),
(44, 6, 6, 200, '松露奶油野菇麵'),
(45, 6, 7, 180, '明太子奶油義大利麵'),
(46, 6, 8, 210, '墨魚海鮮義大利麵'),
(47, 6, 9, 170, '茄汁炸雞義大利麵'),
(48, 6, 10, 140, '甜椒田園蔬菜麵（素）'),
(49, 7, 1, 250, '經典厚切沙朗牛排'),
(50, 7, 2, 260, '蒜香嫩肩牛排'),
(51, 7, 3, 280, '奶油煎肋眼牛排'),
(52, 7, 4, 300, '極黑和牛排餐'),
(53, 7, 5, 270, '紅酒蘑菇菲力牛排'),
(54, 7, 6, 290, '炭烤美式牛小排'),
(55, 7, 7, 310, '蒜香雞腿佐牛排雙拼'),
(56, 7, 8, 330, '戰斧牛排豪華套餐'),
(57, 7, 9, 275, '辣味起司漢堡排牛排'),
(58, 7, 10, 240, '香煎嫩豆腐佐田園牛排（素）'),
(59, 8, 1, 160, '紅燒半筋半肉牛肉麵  '),
(60, 8, 2, 180, '清燉牛腱牛肉麵  '),
(61, 8, 3, 190, '麻辣牛三寶麵  '),
(62, 8, 4, 200, '番茄牛肋條麵  '),
(63, 8, 5, 170, '蔥燒牛肉麵  '),
(64, 8, 6, 210, '蒜味嫩肩牛肉麵  '),
(65, 8, 7, 220, '重磅霸王牛肉麵  '),
(66, 8, 8, 150, '紅燒牛筋麵  '),
(67, 8, 9, 180, '沙茶牛肉乾拌麵  '),
(68, 8, 10, 140, '香菇素牛肉麵（素）'),
(69, 9, 1, 60, '濃醇鮮奶  '),
(70, 9, 2, 65, '黑糖珍珠鮮奶  '),
(71, 9, 3, 70, '可可牛奶  '),
(72, 9, 4, 75, '抹茶牛奶  '),
(73, 9, 5, 80, '草莓牛奶  '),
(74, 9, 6, 85, '芋頭牛奶  '),
(75, 9, 7, 90, '蜂蜜堅果牛奶  '),
(76, 9, 8, 95, '燕麥香蕉牛奶  '),
(77, 9, 9, 70, '紅茶鮮奶  '),
(78, 9, 10, 60, '鮮奶酪杯（原味）'),
(79, 10, 1, 40, '招牌紅茶  '),
(80, 10, 2, 45, '高山青茶  '),
(81, 10, 3, 50, '蜂蜜綠茶  '),
(82, 10, 4, 55, '檸檬冬瓜茶  '),
(83, 10, 5, 55, '百香雙Q綠  '),
(84, 10, 6, 60, '奶蓋鐵觀音  '),
(85, 10, 7, 65, '黑糖珍珠鮮奶茶  '),
(86, 10, 8, 70, '芋頭鮮奶綠  '),
(87, 10, 9, 60, '抹茶紅豆鮮奶  '),
(88, 10, 10, 50, '椰果柳橙綠'),
(89, 11, 1, 80, '經典牛肉起司堡  '),
(90, 11, 2, 95, '培根花生醬牛堡  '),
(91, 11, 3, 100, '雙層辣味牛肉堡  '),
(92, 11, 4, 120, '酥炸雞腿堡  '),
(93, 11, 5, 130, '厚切牛排總匯堡  '),
(94, 11, 6, 90, '花生嫩蛋豬排堡  '),
(95, 11, 7, 70, '田園蔬食豆腐堡（素）'),
(96, 12, 1, 60, '阿薩姆紅茶牛奶  '),
(97, 12, 2, 70, '濃郁可可鮮奶  '),
(98, 12, 3, 75, '黑糖薑汁牛奶  '),
(99, 12, 4, 80, '芝麻牛奶  '),
(100, 12, 5, 65, '鮮橙牛奶  '),
(101, 12, 6, 90, '手打芋泥牛奶'),
(102, 13, 1, 100, '三杯雞腿便當  '),
(103, 13, 2, 110, '滷排骨飯  '),
(104, 13, 3, 95, '香煎虱目魚肚  '),
(105, 13, 4, 120, '蔥爆牛肉蓋飯  '),
(106, 13, 5, 130, '麻油雞腿麵線  '),
(107, 13, 6, 90, '塔香茄子燴飯  '),
(108, 13, 7, 85, '豆豉鯖魚套餐  '),
(109, 13, 8, 105, '炸豆腐滷肉飯'),
(110, 14, 1, 100, '爆辣麻婆豆腐飯  '),
(111, 14, 2, 120, '椒麻雞腿蓋飯  '),
(112, 14, 3, 110, '四川香辣牛肉麵  '),
(113, 14, 4, 130, '剝皮辣椒雞湯  '),
(114, 14, 5, 125, '紅油炒手套餐  '),
(115, 14, 6, 95, '嗆辣泡菜炒飯  '),
(116, 14, 7, 105, '辣味起司年糕鍋  '),
(117, 14, 8, 140, '地獄麻辣燙拼盤  '),
(118, 14, 9, 90, '泰式打拋豬飯'),
(119, 15, 1, 85, '煙燻火腿可頌  '),
(120, 15, 2, 95, '奶油起司丹麥捲  '),
(121, 15, 3, 120, '番茄羅勒佛卡夏  '),
(122, 15, 4, 100, '雞肉酪梨帕尼尼  '),
(123, 15, 5, 90, '蜂蜜核桃雜糧麵包  '),
(124, 15, 6, 110, '黑橄欖乳酪軟法'),
(125, 16, 1, 90, '炙燒鮭魚握壽司  '),
(126, 16, 2, 100, '炙干貝鮭魚卵軍艦  '),
(127, 16, 3, 110, '炭烤鰻魚握壽司  '),
(128, 16, 4, 130, '綜合生魚片壽司盤  '),
(129, 16, 5, 120, '酪梨鮪魚手卷  '),
(130, 16, 6, 95, '玉子燒握壽司  '),
(131, 16, 7, 85, '黃金泡菜豆皮壽司  '),
(132, 16, 8, 105, '起司鮭魚花壽司'),
(133, 17, 1, 120, '炭烤香料雞腿排  '),
(134, 17, 2, 150, '迷迭香半雞餐  '),
(135, 17, 3, 135, '蒜香檸檬烤雞翅  '),
(136, 17, 4, 160, '經典美式烤全雞  '),
(137, 17, 5, 140, '辣味墨西哥烤雞腿  '),
(138, 17, 6, 100, '蜂蜜芥末雞翅拼盤  '),
(139, 17, 7, 90, '黑胡椒烤雞堡'),
(140, 18, 1, 120, '蔥爆牛肉  '),
(141, 18, 2, 130, '塔香蛤蜊  '),
(142, 18, 3, 110, '宮保雞丁  '),
(143, 18, 4, 100, '三杯中卷  '),
(144, 19, 1, 150, '麻辣水煮魚  '),
(145, 19, 2, 140, '鐵板豆腐  '),
(146, 19, 3, 90, '炒山蘇  '),
(147, 19, 4, 160, '鹽酥蝦仁  '),
(148, 19, 5, 95, '菜脯蛋'),
(149, 20, 1, 250, '厚切沙朗牛排  '),
(150, 20, 2, 270, '炭烤肋眼牛排佐奶油玉米  '),
(151, 20, 3, 290, '黑胡椒菲力牛排  '),
(152, 20, 4, 310, '紅酒醬牛小排  '),
(153, 20, 5, 260, '起司雙層牛肉堡排  '),
(154, 20, 6, 240, '香煎雞腿牛排雙拼'),
(155, 21, 1, 160, '奶油野菇燉飯  '),
(156, 21, 2, 180, '蒜香海鮮燉飯  '),
(157, 21, 3, 190, '青醬雞肉燉飯  '),
(158, 21, 4, 200, '松露牛肝菌燉飯  '),
(159, 21, 5, 175, '番茄起司燉飯  '),
(160, 21, 6, 185, '辣味培根玉米燉飯  '),
(161, 21, 7, 170, '墨魚汁燉飯'),
(162, 22, 1, 90, '蝦仁蛋炒飯  '),
(163, 22, 2, 100, '沙茶牛肉炒麵  '),
(164, 22, 3, 110, '泡菜豬肉炒飯  '),
(165, 22, 4, 120, '海鮮總匯炒麵  '),
(166, 22, 5, 95, '培根玉米炒飯  '),
(167, 22, 6, 105, '台式肉絲炒麵  '),
(168, 22, 7, 130, '黑胡椒牛排炒飯  '),
(169, 22, 8, 115, '酸辣泰式炒泡麵'),
(170, 23, 1, 80, '竹筍排骨湯  '),
(171, 23, 2, 90, '剝皮辣椒雞湯  '),
(172, 23, 3, 100, '韓式泡菜豆腐鍋  '),
(173, 23, 4, 120, '麻油松阪豬湯  '),
(174, 23, 5, 110, '味噌鮭魚湯  '),
(175, 23, 6, 95, '四神湯'),
(176, 24, 1, 65, '原味優格飲  '),
(177, 24, 2, 70, '藍莓優格昔  '),
(178, 24, 3, 75, '芒果椰奶優格  '),
(179, 24, 4, 80, '奇異果蜂蜜優格  '),
(180, 24, 5, 85, '草莓脆脆優格  '),
(181, 24, 6, 90, '葡萄柚氣泡優格飲  '),
(182, 24, 7, 75, '燕麥香蕉優格昔'),
(183, 25, 1, 180, '松露奶油龍蝦燉飯  '),
(184, 25, 2, 220, '起司瀑布辣雞義大利麵  '),
(185, 25, 3, 250, '雙重黑椒牛排炙烤飯  '),
(186, 25, 4, 240, '明太子海膽醬炒烏龍  '),
(187, 25, 5, 260, '香濃花生醬豬肋排蓋飯  '),
(188, 25, 6, 230, '濃縮醬燒三色起司漢堡排'),
(189, 26, 1, 90, '經典脆皮炸雞腿  '),
(190, 26, 2, 100, '辣味韓式炸雞翅  '),
(191, 26, 3, 110, '蜂蜜芥末無骨雞塊  '),
(192, 26, 4, 120, '起司瀑布雞排  '),
(193, 26, 5, 130, '黑胡椒酥炸雞腿堡  '),
(194, 26, 6, 95, '蒜香椒鹽雞軟骨  '),
(195, 26, 7, 105, '泰式酸辣雞米花'),
(196, 27, 1, 110, '經典起司牛肉堡  '),
(197, 27, 2, 130, 'BBQ培根雙層堡  '),
(198, 27, 3, 140, '花生醬炸雞堡  '),
(199, 27, 4, 125, '辣味墨西哥牛肉堡  '),
(200, 27, 5, 115, '香煎雞腿總匯堡  '),
(201, 27, 6, 150, '厚切牛排堡'),
(202, 28, 1, 90, '原味酥炸雞腿  '),
(203, 28, 2, 100, '川辣椒麻炸雞塊  '),
(204, 28, 3, 120, '韓式甜辣炸雞翅  '),
(205, 28, 4, 110, '起司流心炸雞球  '),
(206, 28, 5, 130, '泰式打拋炸雞排  '),
(207, 28, 6, 140, '墨西哥香料炸雞桶  '),
(208, 28, 7, 95, '鹽酥雞脆皮拼盤  '),
(209, 28, 8, 125, '蒜香奶油炸雞腿堡'),
(210, 29, 1, 50, '滷肉飯  '),
(211, 29, 2, 60, '蚵仔麵線  '),
(212, 29, 3, 70, '炸雞排  '),
(213, 29, 4, 65, '韭菜水煎包  '),
(214, 29, 5, 55, '四神湯  '),
(215, 29, 6, 75, '雞捲飯  '),
(216, 29, 7, 80, '香煎蘿蔔糕  '),
(217, 29, 8, 90, '肉羹米粉  '),
(218, 29, 9, 85, '蔥油餅加蛋'),
(219, 30, 1, 90, '經典小籠包  '),
(220, 30, 2, 100, '松露小籠包  '),
(221, 30, 3, 110, '麻辣小籠湯包  '),
(222, 30, 4, 95, '絲瓜蝦仁湯包  '),
(223, 30, 5, 120, '干貝蟹黃小籠包  '),
(224, 30, 6, 105, '起司牛肉小籠包'),
(225, 31, 1, 70, '胡蘿蔔蘋果汁  '),
(226, 31, 2, 80, '胡蘿蔔奶蓋茶  '),
(227, 31, 3, 90, '胡蘿蔔可麗餅  '),
(228, 31, 4, 85, '胡蘿蔔鮮蝦煎餅  '),
(229, 31, 5, 95, '胡蘿蔔漢堡排  '),
(230, 31, 6, 100, '胡蘿蔔起司焗烤飯'),
(231, 32, 1, 130, '蔥爆牛肉蓋飯  '),
(232, 32, 2, 150, '紅酒燉牛肉  '),
(233, 32, 3, 140, '沙茶牛肉炒烏龍  '),
(234, 32, 4, 160, '黑胡椒牛排飯  '),
(235, 32, 5, 135, '麻辣牛肉乾拌麵  '),
(236, 32, 6, 145, '韓式泡菜牛肉鍋  '),
(237, 32, 7, 155, '日式壽喜燒牛肉飯'),
(238, 33, 1, 160, '鯖魚味噌煮定食  '),
(239, 33, 2, 180, '照燒雞腿御膳  '),
(240, 33, 3, 190, '豚肉壽喜燒套餐  '),
(241, 33, 4, 150, '鮭魚親子丼  '),
(242, 33, 5, 200, '黑鮪魚刺身定食  '),
(243, 33, 6, 170, '炭烤牛舌定食  '),
(244, 33, 7, 185, '柚香鮮魚鹽燒御膳  '),
(245, 33, 8, 175, '鰻魚玉子重'),
(246, 34, 1, 90, '鹹蛋炒苦瓜  '),
(247, 34, 2, 100, '苦瓜封  '),
(248, 34, 3, 110, '涼拌梅汁苦瓜  '),
(249, 34, 4, 120, '苦瓜牛肉炒麵  '),
(250, 34, 5, 95, '苦瓜雞湯  '),
(251, 34, 6, 105, '苦瓜皮蛋豆腐  '),
(252, 34, 7, 115, '苦瓜黑糖剉冰'),
(253, 35, 1, 110, '日式炸豬排咖哩飯  '),
(254, 35, 2, 130, '濃厚起司牛肉咖哩  '),
(255, 35, 3, 120, '香料雞肉咖哩飯  '),
(256, 35, 4, 140, '泰式綠咖哩椰奶雞  '),
(257, 35, 5, 150, '馬鈴薯紅蘿蔔牛咖哩  '),
(258, 35, 6, 125, '歐姆蛋咖哩飯  '),
(259, 35, 7, 135, '素食田園蔬菜咖哩  '),
(260, 35, 8, 145, '辣味炸蝦咖哩飯'),
(261, 36, 1, 60, '香草鮮奶  '),
(262, 36, 2, 70, '芒果牛奶冰沙  '),
(263, 36, 3, 75, '抹茶牛奶昔  '),
(264, 36, 4, 80, '藍莓優格鮮奶  '),
(265, 36, 5, 90, '黑糖珍珠厚牛奶  '),
(266, 36, 6, 65, '薑汁桂圓鮮奶'),
(267, 37, 1, 65, '草莓煉乳鮮奶  '),
(268, 37, 2, 70, '焦糖布丁紅茶  '),
(269, 37, 3, 80, '葡萄果凍綠茶  '),
(270, 37, 4, 75, '蜜桃烏龍奶蓋  '),
(271, 37, 5, 85, '可可脆片奶昔  '),
(272, 37, 6, 90, '芋泥波波牛奶  '),
(273, 37, 7, 95, '荔枝椰果冰沙'),
(274, 38, 1, 60, '原味炸雞腿  '),
(275, 38, 2, 30, '黃金薯條  '),
(276, 38, 3, 70, '韓式甜辣炸雞  '),
(277, 38, 4, 40, '起司薯條  '),
(278, 38, 5, 65, '椒鹽雞米花  '),
(279, 38, 6, 35, '脆皮薯條  '),
(280, 38, 7, 70, '蒜香雞翅  '),
(281, 38, 8, 40, '香料薯格  '),
(282, 38, 9, 75, '泰式酸辣雞塊  '),
(283, 38, 10, 45, '芋頭薯條  '),
(284, 38, 11, 80, '起司炸雞排  '),
(285, 38, 12, 40, '地瓜薯條  '),
(286, 38, 13, 70, '蜂蜜芥末無骨雞  '),
(287, 38, 14, 50, '雙拼薯條  '),
(288, 38, 15, 65, '黑胡椒雞塊  '),
(289, 38, 16, 45, '辣味薯球  '),
(290, 39, 1, 110, '起司牛肉堡  '),
(291, 39, 2, 130, 'BBQ培根雙層堡  '),
(292, 39, 3, 125, '炸雞腿總匯堡  '),
(293, 39, 4, 140, '墨西哥辣味牛堡  '),
(294, 39, 5, 120, '花生醬豬排堡  '),
(295, 39, 6, 135, '雙層魚排塔塔堡  '),
(296, 39, 7, 150, '起司瀑布漢堡排  '),
(297, 39, 8, 100, '田園蔬菜漢堡（素）'),
(298, 40, 1, 65, '芒果鮮奶冰沙  '),
(299, 40, 2, 70, '奇異果綠茶  '),
(300, 40, 3, 60, '百香雙Q果飲  '),
(301, 40, 4, 75, '葡萄柚寒天飲  '),
(302, 40, 5, 80, '草莓優格果昔  '),
(303, 40, 6, 65, '鳳梨椰奶爽  '),
(304, 40, 7, 70, '柳橙芭樂綠'),
(305, 41, 1, 60, '無糖決明子麥茶  '),
(306, 41, 2, 70, '奇亞籽檸檬水  '),
(307, 41, 3, 75, '燕麥豆漿  '),
(308, 41, 4, 80, '抹茶無糖鮮奶  '),
(309, 41, 5, 85, '紅蘿蔔蘋果汁  '),
(310, 41, 6, 65, '洛神花寒天飲  '),
(311, 41, 7, 90, '酪梨牛奶（無糖）  '),
(312, 41, 8, 70, '黃金薑黃蜂蜜水'),
(313, 42, 1, 110, '韓式石鍋拌飯  '),
(314, 42, 2, 120, '辣炒豬肉拌飯  '),
(315, 42, 3, 100, '照燒雞腿拌飯  '),
(316, 42, 4, 130, '牛肉泡菜起司拌飯  '),
(317, 42, 5, 115, '蔬菜豆腐拌飯（素）  '),
(318, 42, 6, 125, '明太子鮭魚拌飯  '),
(319, 42, 7, 135, '炙燒牛五花蒜香拌飯'),
(320, 43, 1, 25, '鮮肉大包  '),
(321, 43, 2, 30, '香菇雞肉包  '),
(322, 43, 3, 20, '高麗菜素包（素）  '),
(323, 43, 4, 35, '麻辣牛肉包  '),
(324, 43, 5, 28, '起司玉米包  '),
(325, 43, 6, 30, '叉燒包  '),
(326, 43, 7, 25, '芋泥流沙包  '),
(327, 43, 8, 22, '紅豆豆沙包');
